Uid,Handle,Link,Party,Clickable URL
817076257770835000,RepEspaillat,https://twitter.com/RepEspaillat,D,https://twitter.com/RepEspaillat
811986281177772000,RepTrey,https://twitter.com/RepTrey,R,https://twitter.com/RepTrey
818554054309715000,SenJackyRosen,https://twitter.com/SenJackyRosen,D,https://twitter.com/SenJackyRosen
838462994,JamesComer,https://twitter.com/JamesComer,R,https://twitter.com/JamesComer
90639372,RepDwightEvans,https://twitter.com/RepDwightEvans,D,https://twitter.com/RepDwightEvans
1240107944,RogerMarshallMD,https://twitter.com/RogerMarshallMD,R,https://twitter.com/RogerMarshallMD
1444015610,USRepLong,https://twitter.com/USRepLong,R,https://twitter.com/USRepLong
2253968388,RepByrne,https://twitter.com/RepByrne,R,https://twitter.com/RepByrne
2861616083,USRepGaryPalmer,https://twitter.com/USRepGaryPalmer,R,https://twitter.com/USRepGaryPalmer
76452765,Robert_Aderholt,https://twitter.com/Robert_Aderholt,R,https://twitter.com/Robert_Aderholt
234469322,rep_stevewomack,https://twitter.com/rep_stevewomack,R,https://twitter.com/rep_stevewomack
236279233,NormaJTorres,https://twitter.com/NormaJTorres,D,https://twitter.com/NormaJTorres
2968007206,RepDeSaulnier,https://twitter.com/RepDeSaulnier,D,https://twitter.com/RepDeSaulnier
303861808,RepThompson,https://twitter.com/RepThompson,D,https://twitter.com/RepThompson
233693291,RepRickCrawford,https://twitter.com/RepRickCrawford,R,https://twitter.com/RepRickCrawford
1089859058,RepRaulRuizMD,https://twitter.com/RepRaulRuizMD,D,https://twitter.com/RepRaulRuizMD
816157667882373000,RepCarbajal,https://twitter.com/RepCarbajal,D,https://twitter.com/RepCarbajal
22545491,KenCalvert,https://twitter.com/KenCalvert,R,https://twitter.com/KenCalvert
24913074,RepSpeier,https://twitter.com/RepSpeier,D,https://twitter.com/RepSpeier
942156122,RepSwalwell,https://twitter.com/RepSwalwell,D,https://twitter.com/RepSwalwell
29501253,RepAdamSchiff,https://twitter.com/RepAdamSchiff,D,https://twitter.com/RepAdamSchiff
239949176,RepKarenBass,https://twitter.com/RepKarenBass,D,https://twitter.com/RepKarenBass
2974648323,SteveKnight25,https://twitter.com/SteveKnight25,R,https://twitter.com/SteveKnight25
385429543,RepMcNerney,https://twitter.com/RepMcNerney,D,https://twitter.com/RepMcNerney
15764644,SpeakerPelosi,https://twitter.com/SpeakerPelosi,D,https://twitter.com/SpeakerPelosi
245451804,RepJimCosta,https://twitter.com/RepJimCosta,D,https://twitter.com/RepJimCosta
3044993235,RepTedLieu,https://twitter.com/RepTedLieu,D,https://twitter.com/RepTedLieu
312134473,RepLindaSanchez,https://twitter.com/RepLindaSanchez,D,https://twitter.com/RepLindaSanchez
246769138,RepEdRoyce,https://twitter.com/RepEdRoyce,R,https://twitter.com/RepEdRoyce
806583915012046000,RepDrewFerguson,https://twitter.com/RepDrewFerguson,R,https://twitter.com/RepDrewFerguson
1060984272,Elizabeth_Esty,https://twitter.com/Elizabeth_Esty,D,https://twitter.com/Elizabeth_Esty
1071900114,RepTedYoho,https://twitter.com/RepTedYoho,R,https://twitter.com/RepTedYoho
432771620,RepSusanDavis,https://twitter.com/RepSusanDavis,D,https://twitter.com/RepSusanDavis
28599820,RepDianaDeGette,https://twitter.com/RepDianaDeGette,D,https://twitter.com/RepDianaDeGette
31611298,jahimes,https://twitter.com/jahimes,D,https://twitter.com/jahimes
1060487274,RepDougCollins,https://twitter.com/RepDougCollins,R,https://twitter.com/RepDougCollins
2433737761,RepHastingsFL,https://twitter.com/RepHastingsFL,D,https://twitter.com/RepHastingsFL
14275291,RosLehtinen,https://twitter.com/RosLehtinen,R,https://twitter.com/RosLehtinen
85396297,RepJoeCourtney,https://twitter.com/RepJoeCourtney,D,https://twitter.com/RepJoeCourtney
242873057,RepTipton,https://twitter.com/RepTipton,R,https://twitter.com/RepTipton
281540744,RepWebster,https://twitter.com/RepWebster,R,https://twitter.com/RepWebster
463132556,RepJaredPolis,https://twitter.com/RepJaredPolis,D,https://twitter.com/RepJaredPolis
1140648348,RepDWStweets,https://twitter.com/RepDWStweets,D,https://twitter.com/RepDWStweets
234797704,AustinScottGA08,https://twitter.com/AustinScottGA08,R,https://twitter.com/AustinScottGA08
22509548,DarrellIssa,https://twitter.com/DarrellIssa,R,https://twitter.com/DarrellIssa
2973870195,RepBuddyCarter,https://twitter.com/RepBuddyCarter,R,https://twitter.com/RepBuddyCarter
1339931490,RepRobinKelly,https://twitter.com/RepRobinKelly,D,https://twitter.com/RepRobinKelly
137794015,RepTedDeutch,https://twitter.com/RepTedDeutch,D,https://twitter.com/RepTedDeutch
816030424778543000,RepCharlieCrist,https://twitter.com/RepCharlieCrist,D,https://twitter.com/RepCharlieCrist
789244177,RepDannyDavis,https://twitter.com/RepDannyDavis,D,https://twitter.com/RepDannyDavis
2914163523,RepLoudermilk,https://twitter.com/RepLoudermilk,R,https://twitter.com/RepLoudermilk
249410485,SanfordBishop,https://twitter.com/SanfordBishop,D,https://twitter.com/SanfordBishop
1065995022,RepWalorski,https://twitter.com/RepWalorski,R,https://twitter.com/RepWalorski
20467163,VernBuchanan,https://twitter.com/VernBuchanan,R,https://twitter.com/VernBuchanan
26051676,RepGusBilirakis,https://twitter.com/RepGusBilirakis,R,https://twitter.com/RepGusBilirakis
1074101017,SusanWBrooks,https://twitter.com/SusanWBrooks,R,https://twitter.com/SusanWBrooks
937723303,RepJohnDelaney,https://twitter.com/RepJohnDelaney,D,https://twitter.com/RepJohnDelaney
1045110018,RepDanKildee,https://twitter.com/RepDanKildee,D,https://twitter.com/RepDanKildee
234812598,RepLarryBucshon,https://twitter.com/RepLarryBucshon,R,https://twitter.com/RepLarryBucshon
267854863,RepRichmond,https://twitter.com/RepRichmond,D,https://twitter.com/RepRichmond
2293131060,RepKClark,https://twitter.com/RepKClark,D,https://twitter.com/RepKClark
233949261,RepHuizenga,https://twitter.com/RepHuizenga,R,https://twitter.com/RepHuizenga
384913290,RepJohnYarmuth,https://twitter.com/RepJohnYarmuth,D,https://twitter.com/RepJohnYarmuth
310310133,RepStephenLynch,https://twitter.com/RepStephenLynch,D,https://twitter.com/RepStephenLynch
237862972,RepWalberg,https://twitter.com/RepWalberg,R,https://twitter.com/RepWalberg
22012091,LeaderHoyer,https://twitter.com/LeaderHoyer,D,https://twitter.com/LeaderHoyer
124224165,RepFredUpton,https://twitter.com/RepFredUpton,R,https://twitter.com/RepFredUpton
2696643955,RepMoolenaar,https://twitter.com/RepMoolenaar,R,https://twitter.com/RepMoolenaar
242426145,RepMcGovern,https://twitter.com/RepMcGovern,D,https://twitter.com/RepMcGovern
516880804,BettyMcCollum04,https://twitter.com/BettyMcCollum04,D,https://twitter.com/BettyMcCollum04
1262814457,RepTimWalz,https://twitter.com/RepTimWalz,D,https://twitter.com/RepTimWalz
2863006655,RepLawrence,https://twitter.com/RepLawrence,D,https://twitter.com/RepLawrence
14135426,keithellison,https://twitter.com/keithellison,D,https://twitter.com/keithellison
164369297,NydiaVelazquez,https://twitter.com/NydiaVelazquez,D,https://twitter.com/NydiaVelazquez
163570705,repcleaver,https://twitter.com/repcleaver,D,https://twitter.com/repcleaver
815310506596691000,RepJoshG,https://twitter.com/RepJoshG,D,https://twitter.com/RepJoshG
1531521632,RepBeatty,https://twitter.com/RepBeatty,D,https://twitter.com/RepBeatty
240812994,RepYvetteClarke,https://twitter.com/RepYvetteClarke,D,https://twitter.com/RepYvetteClarke
252819323,RepTomReed,https://twitter.com/RepTomReed,R,https://twitter.com/RepTomReed
1072467470,RepSeanMaloney,https://twitter.com/RepSeanMaloney,D,https://twitter.com/RepSeanMaloney
18967498,CongressmanGT,https://twitter.com/CongressmanGT,R,https://twitter.com/CongressmanGT
26778110,RepWalterJones,https://twitter.com/RepWalterJones,R,https://twitter.com/RepWalterJones
3353670647,RepDanDonovan,https://twitter.com/RepDanDonovan,R,https://twitter.com/RepDanDonovan
252249233,RepPeterDeFazio,https://twitter.com/RepPeterDeFazio,D,https://twitter.com/RepPeterDeFazio
211530910,RepBillJohnson,https://twitter.com/RepBillJohnson,R,https://twitter.com/RepBillJohnson
239871673,RepLouBarletta,https://twitter.com/RepLouBarletta,R,https://twitter.com/RepLouBarletta
581141508,RepMarcyKaptur,https://twitter.com/RepMarcyKaptur,D,https://twitter.com/RepMarcyKaptur
236916916,RepJimRenacci,https://twitter.com/RepJimRenacci,R,https://twitter.com/RepJimRenacci
20545793,RepSchrader,https://twitter.com/RepSchrader,D,https://twitter.com/RepSchrader
211420609,RepSteveStivers,https://twitter.com/RepSteveStivers,R,https://twitter.com/RepSteveStivers
18773159,RepScottPerry,https://twitter.com/RepScottPerry,R,https://twitter.com/RepScottPerry
2966758114,RepRussell,https://twitter.com/RepRussell,R,https://twitter.com/RepRussell
148453195,BobBradyPHL,https://twitter.com/BobBradyPHL,D,https://twitter.com/BobBradyPHL
1155212191,KeithRothfus,https://twitter.com/KeithRothfus,R,https://twitter.com/KeithRothfus
4304448314,CongBoyle,https://twitter.com/CongBoyle,D,https://twitter.com/CongBoyle
1058345042,RepTomRice,https://twitter.com/RepTomRice,R,https://twitter.com/RepTomRice
254082173,RepJoeWilson,https://twitter.com/RepJoeWilson,R,https://twitter.com/RepJoeWilson
818536152588238000,RepGonzalez,https://twitter.com/RepGonzalez,D,https://twitter.com/RepGonzalez
278145569,MarshaBlackburn,https://twitter.com/MarshaBlackburn,R,https://twitter.com/MarshaBlackburn
235251868,govkristinoem,https://twitter.com/govkristinoem,R,https://twitter.com/govkristinoem
231510077,JoaquinCastrotx,https://twitter.com/JoaquinCastrotx,D,https://twitter.com/JoaquinCastrotx
188019606,WhipClyburn,https://twitter.com/WhipClyburn,D,https://twitter.com/WhipClyburn
74198348,JudgeTedPoe,https://twitter.com/JudgeTedPoe,R,https://twitter.com/JudgeTedPoe
110545675,RepDianeBlack,https://twitter.com/RepDianeBlack,R,https://twitter.com/RepDianeBlack
816284664658874000,RepArrington,https://twitter.com/RepArrington,R,https://twitter.com/RepArrington
162069635,RepCohen,https://twitter.com/RepCohen,D,https://twitter.com/RepCohen
1134292500,RepBetoORourke,https://twitter.com/RepBetoORourke,D,https://twitter.com/RepBetoORourke
26424123,RepMcCaul,https://twitter.com/RepMcCaul,R,https://twitter.com/RepMcCaul
235190657,RepChuck,https://twitter.com/RepChuck,R,https://twitter.com/RepChuck
52503751,DrPhilRoe,https://twitter.com/DrPhilRoe,R,https://twitter.com/DrPhilRoe
462143773,RepCicilline,https://twitter.com/RepCicilline,D,https://twitter.com/RepCicilline
39249305,USRepMikeDoyle,https://twitter.com/USRepMikeDoyle,D,https://twitter.com/USRepMikeDoyle
776664410,RepCartwright,https://twitter.com/RepCartwright,D,https://twitter.com/RepCartwright
15356407,RobWittman,https://twitter.com/RobWittman,R,https://twitter.com/RobWittman
168502762,RepEBJ,https://twitter.com/RepEBJ,D,https://twitter.com/RepEBJ
78445977,GerryConnolly,https://twitter.com/GerryConnolly,D,https://twitter.com/GerryConnolly
1074129612,RepVeasey,https://twitter.com/RepVeasey,D,https://twitter.com/RepVeasey
1077446982,RepRWilliams,https://twitter.com/RepRWilliams,R,https://twitter.com/RepRWilliams
2933760046,RepComstock,https://twitter.com/RepComstock,R,https://twitter.com/RepComstock
2929491549,RepBrianBabin,https://twitter.com/RepBrianBabin,R,https://twitter.com/RepBrianBabin
18030431,JudgeCarter,https://twitter.com/JudgeCarter,R,https://twitter.com/JudgeCarter
22669526,RepGwenMoore,https://twitter.com/RepGwenMoore,D,https://twitter.com/RepGwenMoore
1068499286,RepDennyHeck,https://twitter.com/RepDennyHeck,D,https://twitter.com/RepDennyHeck
815966620300480000,RepGallagher,https://twitter.com/RepGallagher,R,https://twitter.com/RepGallagher
210926192,RepCuellar,https://twitter.com/RepCuellar,D,https://twitter.com/RepCuellar
816181091673448000,RepMcEachin,https://twitter.com/RepMcEachin,D,https://twitter.com/RepMcEachin
17976923,cathymcmorris,https://twitter.com/cathymcmorris,R,https://twitter.com/cathymcmorris
815733290955112000,RepJayapal,https://twitter.com/RepJayapal,D,https://twitter.com/RepJayapal
240427862,RepMcKinley,https://twitter.com/RepMcKinley,R,https://twitter.com/RepMcKinley
2976606250,RepGrothman,https://twitter.com/RepGrothman,R,https://twitter.com/RepGrothman
2962868158,RepDonBeyer,https://twitter.com/RepDonBeyer,D,https://twitter.com/RepDonBeyer
242926427,HerreraBeutler,https://twitter.com/HerreraBeutler,R,https://twitter.com/HerreraBeutler
37920978,RepGoodlatte,https://twitter.com/RepGoodlatte,R,https://twitter.com/RepGoodlatte
2962891515,RepAbraham,https://twitter.com/RepAbraham,R,https://twitter.com/RepAbraham
224294785,RepMarthaRoby,https://twitter.com/RepMarthaRoby,R,https://twitter.com/RepMarthaRoby
33977070,RepMikeRogersAL,https://twitter.com/RepMikeRogersAL,R,https://twitter.com/RepMikeRogersAL
193732179,RepJudyChu,https://twitter.com/RepJudyChu,D,https://twitter.com/RepJudyChu
48117116,SteveKingIA,https://twitter.com/SteveKingIA,R,https://twitter.com/SteveKingIA
818472418620608000,RepAlLawsonJr,https://twitter.com/RepAlLawsonJr,D,https://twitter.com/RepAlLawsonJr
2724095695,StaceyPlaskett,https://twitter.com/StaceyPlaskett,D,https://twitter.com/StaceyPlaskett
1128514404,RepDavidValadao,https://twitter.com/RepDavidValadao,R,https://twitter.com/RepDavidValadao
18805303,JeffFortenberry,https://twitter.com/JeffFortenberry,R,https://twitter.com/JeffFortenberry
2975091705,CongressmanHice,https://twitter.com/CongressmanHice,R,https://twitter.com/CongressmanHice
2852998461,RepWesterman,https://twitter.com/RepWesterman,R,https://twitter.com/RepWesterman
24195214,janschakowsky,https://twitter.com/janschakowsky,D,https://twitter.com/janschakowsky
1260172386,RepJuanVargas,https://twitter.com/RepJuanVargas,D,https://twitter.com/RepJuanVargas
42337890,Scotttaylorva,https://twitter.com/Scotttaylorva,R,https://twitter.com/Scotttaylorva
14984637,chelliepingree,https://twitter.com/chelliepingree,D,https://twitter.com/chelliepingree
1074412920,RepPaulCook,https://twitter.com/RepPaulCook,R,https://twitter.com/RepPaulCook
2966570782,RepRubenGallego,https://twitter.com/RepRubenGallego,D,https://twitter.com/RepRubenGallego
816652616625168000,RepAndyBiggsAZ,https://twitter.com/RepAndyBiggsAZ,R,https://twitter.com/RepAndyBiggsAZ
305216911,RepBobbyRush,https://twitter.com/RepBobbyRush,D,https://twitter.com/RepBobbyRush
479872233,RepRoybalAllard,https://twitter.com/RepRoybalAllard,D,https://twitter.com/RepRoybalAllard
19407835,RepMikeCoffman,https://twitter.com/RepMikeCoffman,R,https://twitter.com/RepMikeCoffman
2853309155,carloslcurbelo,https://twitter.com/carloslcurbelo,R,https://twitter.com/carloslcurbelo
550401754,RepHalRogers,https://twitter.com/RepHalRogers,R,https://twitter.com/RepHalRogers
229197216,RepDavid,https://twitter.com/RepDavid,R,https://twitter.com/RepDavid
818975124460335000,RepDonBacon,https://twitter.com/RepDonBacon,R,https://twitter.com/RepDonBacon
2964877294,RepBost,https://twitter.com/RepBost,R,https://twitter.com/RepBost
1009269193,RepLipinski,https://twitter.com/RepLipinski,D,https://twitter.com/RepLipinski
240760644,RepGosar,https://twitter.com/RepGosar,R,https://twitter.com/RepGosar
17544524,ToddRokita,https://twitter.com/ToddRokita,R,https://twitter.com/ToddRokita
50452197,RepJohnLarson,https://twitter.com/RepJohnLarson,D,https://twitter.com/RepJohnLarson
816111677917851000,RepRooney,https://twitter.com/RepRooney,R,https://twitter.com/RepRooney
975200486,RepThomasMassie,https://twitter.com/RepThomasMassie,R,https://twitter.com/RepThomasMassie
1135486501,RepScottPeters,https://twitter.com/RepScottPeters,D,https://twitter.com/RepScottPeters
381152398,RepTerriSewell,https://twitter.com/RepTerriSewell,D,https://twitter.com/RepTerriSewell
20552026,RepPerlmutter,https://twitter.com/RepPerlmutter,D,https://twitter.com/RepPerlmutter
237299871,RepMoBrooks,https://twitter.com/RepMoBrooks,R,https://twitter.com/RepMoBrooks
816298918468259000,RepRoKhanna,https://twitter.com/RepRoKhanna,D,https://twitter.com/RepRoKhanna
56864092,RepMikeQuigley,https://twitter.com/RepMikeQuigley,D,https://twitter.com/RepMikeQuigley
1243902714,RepBrownley,https://twitter.com/RepBrownley,D,https://twitter.com/RepBrownley
246341769,Raul_Labrador,https://twitter.com/Raul_Labrador,R,https://twitter.com/Raul_Labrador
815241612154417000,RepJackBergman,https://twitter.com/RepJackBergman,R,https://twitter.com/RepJackBergman
233842454,justinamash,https://twitter.com/justinamash,R,https://twitter.com/justinamash
811632636598910000,RepPaulMitchell,https://twitter.com/RepPaulMitchell,R,https://twitter.com/RepPaulMitchell
1880674038,USRepKCastor,https://twitter.com/USRepKCastor,D,https://twitter.com/USRepKCastor
510516465,daveloebsack,https://twitter.com/daveloebsack,D,https://twitter.com/daveloebsack
1378000346,AnthonyBrownMD4,https://twitter.com/AnthonyBrownMD4,D,https://twitter.com/AnthonyBrownMD4
796736612554117000,RepJimmyPanetta,https://twitter.com/RepJimmyPanetta,D,https://twitter.com/RepJimmyPanetta
2862577383,RepKenBuck,https://twitter.com/RepKenBuck,R,https://twitter.com/RepKenBuck
1080844782,SenatorSinema,https://twitter.com/SenatorSinema,D,https://twitter.com/SenatorSinema
1089334250,RepAndyBarr,https://twitter.com/RepAndyBarr,R,https://twitter.com/RepAndyBarr
1055907624,RepJoeKennedy,https://twitter.com/RepJoeKennedy,D,https://twitter.com/RepJoeKennedy
1209417007,SteveScalise,https://twitter.com/SteveScalise,R,https://twitter.com/SteveScalise
193872188,RepVisclosky,https://twitter.com/RepVisclosky,D,https://twitter.com/RepVisclosky
950783972,RepBera,https://twitter.com/RepBera,D,https://twitter.com/RepBera
3026622545,RepAmata,https://twitter.com/RepAmata,R,https://twitter.com/RepAmata
50152441,RepMcClintock,https://twitter.com/RepMcClintock,R,https://twitter.com/RepMcClintock
798973032362606000,RepValDemings,https://twitter.com/RepValDemings,D,https://twitter.com/RepValDemings
3686482216,RepLaHood,https://twitter.com/RepLaHood,R,https://twitter.com/RepLaHood
2970279814,RepDebDingell,https://twitter.com/RepDebDingell,D,https://twitter.com/RepDebDingell
814103950404239000,RepBrianMast,https://twitter.com/RepBrianMast,R,https://twitter.com/RepBrianMast
1058917562,RepDerekKilmer,https://twitter.com/RepDerekKilmer,D,https://twitter.com/RepDerekKilmer
808416682972770000,RepOHalleran,https://twitter.com/RepOHalleran,D,https://twitter.com/RepOHalleran
2964287128,RepRickAllen,https://twitter.com/RepRickAllen,R,https://twitter.com/RepRickAllen
993153006,RodneyDavis,https://twitter.com/RodneyDavis,R,https://twitter.com/RodneyDavis
3018670151,RepPeteAguilar,https://twitter.com/RepPeteAguilar,D,https://twitter.com/RepPeteAguilar
305620929,Call_Me_Dutch,https://twitter.com/Call_Me_Dutch,D,https://twitter.com/Call_Me_Dutch
787373558,RepCummings,https://twitter.com/RepCummings,D,https://twitter.com/RepCummings
2953974395,RepFrenchHill,https://twitter.com/RepFrenchHill,R,https://twitter.com/RepFrenchHill
30216513,BradSherman,https://twitter.com/BradSherman,D,https://twitter.com/BradSherman
29450962,repjohnlewis,https://twitter.com/repjohnlewis,D,https://twitter.com/repjohnlewis
1058807868,GovRonDeSantis,https://twitter.com/GovRonDeSantis,R,https://twitter.com/GovRonDeSantis
20015903,PeterRoskam,https://twitter.com/PeterRoskam,R,https://twitter.com/PeterRoskam
232992031,USRepKeating,https://twitter.com/USRepKeating,D,https://twitter.com/USRepKeating
33655490,DennisRossSEU,https://twitter.com/DennisRossSEU,R,https://twitter.com/DennisRossSEU
2964949642,SenMcSallyAZ,https://twitter.com/SenMcSallyAZ,R,https://twitter.com/SenMcSallyAZ
88806753,RepGaramendi,https://twitter.com/RepGaramendi,D,https://twitter.com/RepGaramendi
234014087,RepWilson,https://twitter.com/RepWilson,D,https://twitter.com/RepWilson
24745957,RepHankJohnson,https://twitter.com/RepHankJohnson,D,https://twitter.com/RepHankJohnson
76132891,CongMikeSimpson,https://twitter.com/CongMikeSimpson,R,https://twitter.com/CongMikeSimpson
314205957,RepDavidYoung,https://twitter.com/RepDavidYoung,R,https://twitter.com/RepDavidYoung
1055730738,RepLowenthal,https://twitter.com/RepLowenthal,D,https://twitter.com/RepLowenthal
2965083477,RepRodBlum,https://twitter.com/RepRodBlum,R,https://twitter.com/RepRodBlum
1037321378,RepMarkTakano,https://twitter.com/RepMarkTakano,D,https://twitter.com/RepMarkTakano
37094727,MarioDB,https://twitter.com/MarioDB,R,https://twitter.com/MarioDB
15954997,repblumenauer,https://twitter.com/repblumenauer,D,https://twitter.com/repblumenauer
364415553,RepSarbanes,https://twitter.com/RepSarbanes,D,https://twitter.com/RepSarbanes
1080509366,RepBillFoster,https://twitter.com/RepBillFoster,D,https://twitter.com/RepBillFoster
235373000,RepHanabusa,https://twitter.com/RepHanabusa,D,https://twitter.com/RepHanabusa
23600262,EleanorNorton,https://twitter.com/EleanorNorton,D,https://twitter.com/EleanorNorton
1069124515,RepLaMalfa,https://twitter.com/RepLaMalfa,R,https://twitter.com/RepLaMalfa
1222257180,RepCardenas,https://twitter.com/RepCardenas,D,https://twitter.com/RepCardenas
814179031956488000,CongressmanRaja,https://twitter.com/CongressmanRaja,D,https://twitter.com/CongressmanRaja
796183515998068000,RepStephMurphy,https://twitter.com/RepStephMurphy,D,https://twitter.com/RepStephMurphy
199325935,RepAndreCarson,https://twitter.com/RepAndreCarson,D,https://twitter.com/RepAndreCarson
2382685057,RepRobWoodall,https://twitter.com/RepRobWoodall,R,https://twitter.com/RepRobWoodall
1071840474,RepSchneider,https://twitter.com/RepSchneider,D,https://twitter.com/RepSchneider
1077121945,RepLoisFrankel,https://twitter.com/RepLoisFrankel,D,https://twitter.com/RepLoisFrankel
161411080,gracenapolitano,https://twitter.com/gracenapolitano,D,https://twitter.com/gracenapolitano
17513304,ErikPaulsen,https://twitter.com/ErikPaulsen,R,https://twitter.com/ErikPaulsen
29766367,RepSamGraves,https://twitter.com/RepSamGraves,R,https://twitter.com/RepSamGraves
41417564,RepSmucker,https://twitter.com/RepSmucker,R,https://twitter.com/RepSmucker
38254095,DorisMatsui,https://twitter.com/DorisMatsui,D,https://twitter.com/DorisMatsui
442824717,RepRichardNeal,https://twitter.com/RepRichardNeal,D,https://twitter.com/RepRichardNeal
816833925456789000,RepBarragan,https://twitter.com/RepBarragan,D,https://twitter.com/RepBarragan
1092979962,RepCheri,https://twitter.com/RepCheri,D,https://twitter.com/RepCheri
584012853,RepDLamborn,https://twitter.com/RepDLamborn,R,https://twitter.com/RepDLamborn
2932617195,RepPoliquin,https://twitter.com/RepPoliquin,R,https://twitter.com/RepPoliquin
1071102246,RepHuffman,https://twitter.com/RepHuffman,D,https://twitter.com/RepHuffman
19739126,GOPLeader,https://twitter.com/GOPLeader,D,https://twitter.com/GOPLeader
25781141,repsandylevin,https://twitter.com/repsandylevin,D,https://twitter.com/repsandylevin
2951574214,RepGarretGraves,https://twitter.com/RepGarretGraves,R,https://twitter.com/RepGarretGraves
816131319033950000,RepJimBanks,https://twitter.com/RepJimBanks,R,https://twitter.com/RepJimBanks
140519774,rosadelauro,https://twitter.com/rosadelauro,D,https://twitter.com/rosadelauro
558769636,RepBonamici,https://twitter.com/RepBonamici,D,https://twitter.com/RepBonamici
817050219007328000,RepLBR,https://twitter.com/RepLBR,D,https://twitter.com/RepLBR
155669457,RepDavidEPrice,https://twitter.com/RepDavidEPrice,D,https://twitter.com/RepDavidEPrice
237312687,RepBillFlores,https://twitter.com/RepBillFlores,R,https://twitter.com/RepBillFlores
122174004,repdinatitus,https://twitter.com/repdinatitus,D,https://twitter.com/repdinatitus
797201048490430000,RepTenney,https://twitter.com/RepTenney,R,https://twitter.com/RepTenney
18277655,RepPeteKing,https://twitter.com/RepPeteKing,R,https://twitter.com/RepPeteKing
613725908,RepLanceNJ7,https://twitter.com/RepLanceNJ7,R,https://twitter.com/RepLanceNJ7
963480595,MarkMeadows,https://twitter.com/MarkMeadows,R,https://twitter.com/MarkMeadows
248735463,RepBarbaraLee,https://twitter.com/RepBarbaraLee,D,https://twitter.com/RepBarbaraLee
249348006,RepAnnaEshoo,https://twitter.com/RepAnnaEshoo,D,https://twitter.com/RepAnnaEshoo
15394954,boblatta,https://twitter.com/boblatta,R,https://twitter.com/boblatta
237814920,RepHultgren,https://twitter.com/RepHultgren,R,https://twitter.com/RepHultgren
234057152,RepMGriffith,https://twitter.com/RepMGriffith,R,https://twitter.com/RepMGriffith
296245061,RepAdrianSmith,https://twitter.com/RepAdrianSmith,R,https://twitter.com/RepAdrianSmith
1055685948,USRepRickNolan,https://twitter.com/USRepRickNolan,D,https://twitter.com/USRepRickNolan
806906355214852000,RepRaskin,https://twitter.com/RepRaskin,D,https://twitter.com/RepRaskin
2962994194,RepTomMacArthur,https://twitter.com/RepTomMacArthur,R,https://twitter.com/RepTomMacArthur
235312723,DesJarlaisTN04,https://twitter.com/DesJarlaisTN04,R,https://twitter.com/DesJarlaisTN04
249288197,SamsPressShop,https://twitter.com/SamsPressShop,R,https://twitter.com/SamsPressShop
816282029276938000,RepKihuen,https://twitter.com/RepKihuen,D,https://twitter.com/RepKihuen
2962813893,RepStefanik,https://twitter.com/RepStefanik,R,https://twitter.com/RepStefanik
976969338,RepDaveJoyce,https://twitter.com/RepDaveJoyce,R,https://twitter.com/RepDaveJoyce
518644221,RepBradWenstrup,https://twitter.com/RepBradWenstrup,R,https://twitter.com/RepBradWenstrup
2968451607,RepBonnie,https://twitter.com/RepBonnie,D,https://twitter.com/RepBonnie
111635980,JoeCrowleyNY,https://twitter.com/JoeCrowleyNY,D,https://twitter.com/JoeCrowleyNY
2750127259,RepLeeZeldin,https://twitter.com/RepLeeZeldin,R,https://twitter.com/RepLeeZeldin
1061385474,RepLujanGrisham,https://twitter.com/RepLujanGrisham,D,https://twitter.com/RepLujanGrisham
1060370282,RepMullin,https://twitter.com/RepMullin,R,https://twitter.com/RepMullin
1410590874,PeterWelch,https://twitter.com/PeterWelch,D,https://twitter.com/PeterWelch
33563161,RepJoseSerrano,https://twitter.com/RepJoseSerrano,D,https://twitter.com/RepJoseSerrano
467823431,RepJeffries,https://twitter.com/RepJeffries,D,https://twitter.com/RepJeffries
82453460,BennieGThompson,https://twitter.com/BennieGThompson,D,https://twitter.com/BennieGThompson
16256269,virginiafoxx,https://twitter.com/virginiafoxx,R,https://twitter.com/virginiafoxx
816705409486618000,RepTomSuozzi,https://twitter.com/RepTomSuozzi,D,https://twitter.com/RepTomSuozzi
127941167,DavidRouzer,https://twitter.com/DavidRouzer,R,https://twitter.com/DavidRouzer
51228911,RepMikeTurner,https://twitter.com/RepMikeTurner,R,https://twitter.com/RepMikeTurner
258900199,RepMaloney,https://twitter.com/RepMaloney,D,https://twitter.com/RepMaloney
1048784496,SenKevinCramer,https://twitter.com/SenKevinCramer,R,https://twitter.com/SenKevinCramer
819744763020775000,RepJenniffer,https://twitter.com/RepJenniffer,R,https://twitter.com/RepJenniffer
161791703,BobbyScott,https://twitter.com/BobbyScott,D,https://twitter.com/BobbyScott
2963445730,HurdOnTheHill,https://twitter.com/HurdOnTheHill,R,https://twitter.com/HurdOnTheHill
402719755,MarkAmodeiNV2,https://twitter.com/MarkAmodeiNV2,R,https://twitter.com/MarkAmodeiNV2
32010840,repgregwalden,https://twitter.com/repgregwalden,R,https://twitter.com/repgregwalden
74508260,BillPascrell,https://twitter.com/BillPascrell,D,https://twitter.com/BillPascrell
18166778,Jim_Jordan,https://twitter.com/Jim_Jordan,R,https://twitter.com/Jim_Jordan
241207373,FrankLoBiondoNJ,https://twitter.com/FrankLoBiondoNJ,R,https://twitter.com/FrankLoBiondoNJ
742735530287304000,WarrenDavidson,https://twitter.com/WarrenDavidson,R,https://twitter.com/WarrenDavidson
22523087,repjimcooper,https://twitter.com/repjimcooper,D,https://twitter.com/repjimcooper
935368364,MikeKellyPA,https://twitter.com/MikeKellyPA,R,https://twitter.com/MikeKellyPA
242376736,RepCharlieDent,https://twitter.com/RepCharlieDent,R,https://twitter.com/RepCharlieDent
153486399,RepMarciaFudge,https://twitter.com/RepMarciaFudge,D,https://twitter.com/RepMarciaFudge
817138492614524000,RepTedBudd,https://twitter.com/RepTedBudd,R,https://twitter.com/RepTedBudd
18909919,JimLangevin,https://twitter.com/JimLangevin,D,https://twitter.com/JimLangevin
80612021,JacksonLeeTX18,https://twitter.com/JacksonLeeTX18,D,https://twitter.com/JacksonLeeTX18
156333623,RepAlGreen,https://twitter.com/RepAlGreen,D,https://twitter.com/RepAlGreen
20053279,RepPeteOlson,https://twitter.com/RepPeteOlson,R,https://twitter.com/RepPeteOlson
221792092,NitaLowey,https://twitter.com/NitaLowey,D,https://twitter.com/NitaLowey
2966205003,RepMarkWalker,https://twitter.com/RepMarkWalker,R,https://twitter.com/RepMarkWalker
1058717720,RepAnnieKuster,https://twitter.com/RepAnnieKuster,D,https://twitter.com/RepAnnieKuster
40302336,RepJerryNadler,https://twitter.com/RepJerryNadler,D,https://twitter.com/RepJerryNadler
27676828,PatrickMcHenry,https://twitter.com/PatrickMcHenry,R,https://twitter.com/PatrickMcHenry
995193054,RepDelBene,https://twitter.com/RepDelBene,D,https://twitter.com/RepDelBene
18696134,RepSires,https://twitter.com/RepSires,D,https://twitter.com/RepSires
1051446626,RepAnnWagner,https://twitter.com/RepAnnWagner,R,https://twitter.com/RepAnnWagner
23124635,TomColeOK04,https://twitter.com/TomColeOK04,R,https://twitter.com/TomColeOK04
3122099613,DonaldNorcross,https://twitter.com/DonaldNorcross,D,https://twitter.com/DonaldNorcross
1051127714,RepGraceMeng,https://twitter.com/RepGraceMeng,D,https://twitter.com/RepGraceMeng
295685416,ConawayTX11,https://twitter.com/ConawayTX11,R,https://twitter.com/ConawayTX11
432676344,GKButterfield,https://twitter.com/GKButterfield,D,https://twitter.com/GKButterfield
31801993,FrankPallone,https://twitter.com/FrankPallone,D,https://twitter.com/FrankPallone
237763317,RepHartzler,https://twitter.com/RepHartzler,R,https://twitter.com/RepHartzler
164007407,RepEliotEngel,https://twitter.com/RepEliotEngel,D,https://twitter.com/RepEliotEngel
1072008757,RepChrisStewart,https://twitter.com/RepChrisStewart,R,https://twitter.com/RepChrisStewart
24735461,PeteSessions,https://twitter.com/PeteSessions,R,https://twitter.com/PeteSessions
13491312,RepTimRyan,https://twitter.com/RepTimRyan,D,https://twitter.com/RepTimRyan
816303263586914000,RepBrianFitz,https://twitter.com/RepBrianFitz,R,https://twitter.com/RepBrianFitz
1623308912,RepJasonSmith,https://twitter.com/RepJasonSmith,R,https://twitter.com/RepJasonSmith
126171100,RepSheaPorter,https://twitter.com/RepSheaPorter,D,https://twitter.com/RepSheaPorter
237348797,TGowdySC,https://twitter.com/TGowdySC,R,https://twitter.com/TGowdySC
1058051748,TXRandy14,https://twitter.com/TXRandy14,R,https://twitter.com/TXRandy14
22055226,replouiegohmert,https://twitter.com/replouiegohmert,R,https://twitter.com/replouiegohmert
2916086925,RepAdams,https://twitter.com/RepAdams,D,https://twitter.com/RepAdams
815931811348017000,RepJohnFaso,https://twitter.com/RepJohnFaso,R,https://twitter.com/RepJohnFaso
1058460818,RepHolding,https://twitter.com/RepHolding,R,https://twitter.com/RepHolding
240393970,RepJeffDuncan,https://twitter.com/RepJeffDuncan,R,https://twitter.com/RepJeffDuncan
23712174,GreggHarper,https://twitter.com/GreggHarper,R,https://twitter.com/GreggHarper
1155335864,RepDonaldPayne,https://twitter.com/RepDonaldPayne,D,https://twitter.com/RepDonaldPayne
15751083,michaelcburgess,https://twitter.com/michaelcburgess,R,https://twitter.com/michaelcburgess
2966765501,RepJohnKatko,https://twitter.com/RepJohnKatko,R,https://twitter.com/RepJohnKatko
23976316,RepKenMarchant,https://twitter.com/RepKenMarchant,R,https://twitter.com/RepKenMarchant
935033864,RepRichHudson,https://twitter.com/RepRichHudson,R,https://twitter.com/RepRichHudson
404132211,RepRickLarsen,https://twitter.com/RepRickLarsen,D,https://twitter.com/RepRickLarsen
153944899,RepLloydDoggett,https://twitter.com/RepLloydDoggett,D,https://twitter.com/RepLloydDoggett
58928690,RepAdamSmith,https://twitter.com/RepAdamSmith,D,https://twitter.com/RepAdamSmith
234022257,SeanDuffyWI,https://twitter.com/SeanDuffyWI,R,https://twitter.com/SeanDuffyWI
2930635215,RepNewhouse,https://twitter.com/RepNewhouse,R,https://twitter.com/RepNewhouse
1499993378,RepSanfordSC,https://twitter.com/RepSanfordSC,R,https://twitter.com/RepSanfordSC
2964526557,RepAlexMooney,https://twitter.com/RepAlexMooney,R,https://twitter.com/RepAlexMooney
816719802328715000,RepLizCheney,https://twitter.com/RepLizCheney,R,https://twitter.com/RepLizCheney
112740986,RepRonKind,https://twitter.com/RepRonKind,D,https://twitter.com/RepRonKind
19926675,RepKevinBrady,https://twitter.com/RepKevinBrady,R,https://twitter.com/RepKevinBrady
1083448909,RepFilemonVela,https://twitter.com/RepFilemonVela,D,https://twitter.com/RepFilemonVela
1206227149,repmarkpocan,https://twitter.com/repmarkpocan,D,https://twitter.com/repmarkpocan
17800215,jasoninthehouse,https://twitter.com/jasoninthehouse,D,https://twitter.com/jasoninthehouse
2970462034,RepKathleenRice,https://twitter.com/RepKathleenRice,D,https://twitter.com/RepKathleenRice
237750442,RepSteveChabot,https://twitter.com/RepSteveChabot,R,https://twitter.com/RepSteveChabot
18566912,RepHensarling,https://twitter.com/RepHensarling,R,https://twitter.com/RepHensarling
18916432,SpeakerRyan,https://twitter.com/SpeakerRyan,R,https://twitter.com/SpeakerRyan
219429281,RepKinzinger,https://twitter.com/RepKinzinger,R,https://twitter.com/RepKinzinger
299883942,CongPalazzo,https://twitter.com/CongPalazzo,R,https://twitter.com/CongPalazzo
242772524,RepFrankLucas,https://twitter.com/RepFrankLucas,R,https://twitter.com/RepFrankLucas
851621377,JimPressOffice,https://twitter.com/JimPressOffice,R,https://twitter.com/JimPressOffice
84119348,RepPaulTonko,https://twitter.com/RepPaulTonko,D,https://twitter.com/RepPaulTonko
33576489,RepBrianHiggins,https://twitter.com/RepBrianHiggins,D,https://twitter.com/RepBrianHiggins
815952318487298000,DrNealDunnFL2,https://twitter.com/DrNealDunnFL2,R,https://twitter.com/DrNealDunnFL2
960962340,RepAndyHarrisMD,https://twitter.com/RepAndyHarrisMD,R,https://twitter.com/RepAndyHarrisMD
3091316093,teammoulton,https://twitter.com/teammoulton,D,https://twitter.com/teammoulton
28602948,RepRaulGrijalva,https://twitter.com/RepRaulGrijalva,D,https://twitter.com/RepRaulGrijalva
36948268,RepGutierrez,https://twitter.com/RepGutierrez,D,https://twitter.com/RepGutierrez
3317799825,RepTrentKelly,https://twitter.com/RepTrentKelly,R,https://twitter.com/RepTrentKelly
37007274,repdonyoung,https://twitter.com/repdonyoung,R,https://twitter.com/repdonyoung
190328374,RepTomGraves,https://twitter.com/RepTomGraves,R,https://twitter.com/RepTomGraves
1064206014,TulsiPress,https://twitter.com/TulsiPress,D,https://twitter.com/TulsiPress
2914515430,RepTomEmmer,https://twitter.com/RepTomEmmer,R,https://twitter.com/RepTomEmmer
818713465653051000,RepDarrenSoto,https://twitter.com/RepDarrenSoto,D,https://twitter.com/RepDarrenSoto
823552974253342000,RepAnthonyBrown,https://twitter.com/RepAnthonyBrown,D,https://twitter.com/RepAnthonyBrown
828977216595849000,RepRutherfordFL,https://twitter.com/RepRutherfordFL,R,https://twitter.com/RepRutherfordFL
843636970538618000,RepClayHiggins,https://twitter.com/RepClayHiggins,R,https://twitter.com/RepClayHiggins
827279765287559000,RepMikeJohnson,https://twitter.com/RepMikeJohnson,R,https://twitter.com/RepMikeJohnson
818948638890217000,RepMattGaetz,https://twitter.com/RepMattGaetz,R,https://twitter.com/RepMattGaetz
816012124505931000,RepDavidKustoff,https://twitter.com/RepDavidKustoff,R,https://twitter.com/RepDavidKustoff
22812754,RepGregoryMeeks,https://twitter.com/RepGregoryMeeks,D,https://twitter.com/RepGregoryMeeks
854715071116849000,RepRonEstes,https://twitter.com/RepRonEstes,R,https://twitter.com/RepRonEstes
398193180,JimmyGomezCA,https://twitter.com/JimmyGomezCA,D,https://twitter.com/JimmyGomezCA
15673703,karenhandel,https://twitter.com/karenhandel,R,https://twitter.com/karenhandel
1849261916,RepBlaine,https://twitter.com/RepBlaine,R,https://twitter.com/RepBlaine
818460870573441000,RepTomGarrett,https://twitter.com/RepTomGarrett,R,https://twitter.com/RepTomGarrett
2869746172,MIDaveTrott,https://twitter.com/MIDaveTrott,R,https://twitter.com/MIDaveTrott
855240223432769000,ConorLambPA,https://twitter.com/ConorLambPA,D,https://twitter.com/ConorLambPA
61886317,RalphNorman,https://twitter.com/RalphNorman,R,https://twitter.com/RalphNorman
17896154,farenthold,https://twitter.com/farenthold,R,https://twitter.com/farenthold
168673083,repdavidscott,https://twitter.com/repdavidscott,D,https://twitter.com/repdavidscott
15600527,RepShimkus,https://twitter.com/RepShimkus,R,https://twitter.com/RepShimkus
1289319271,RepChrisSmith,https://twitter.com/RepChrisSmith,R,https://twitter.com/RepChrisSmith
912608010,PatTiberi,https://twitter.com/PatTiberi,R,https://twitter.com/PatTiberi
161743731,RepKayGranger,https://twitter.com/RepKayGranger,R,https://twitter.com/RepKayGranger
1883356866,RepJohnDuncanJr,https://twitter.com/RepJohnDuncanJr,R,https://twitter.com/RepJohnDuncanJr
63169388,louiseslaughter,https://twitter.com/louiseslaughter,D,https://twitter.com/louiseslaughter
950328072,RepPittenger,https://twitter.com/RepPittenger,R,https://twitter.com/RepPittenger
234822928,RepBobGibbs,https://twitter.com/RepBobGibbs,R,https://twitter.com/RepBobGibbs
138770045,RepJohnConyers,https://twitter.com/RepJohnConyers,D,https://twitter.com/RepJohnConyers
36686040,RepMaxineWaters,https://twitter.com/RepMaxineWaters,D,https://twitter.com/RepMaxineWaters
815985039485837000,RepLouCorrea,https://twitter.com/RepLouCorrea,D,https://twitter.com/RepLouCorrea
1092757885,RepJBridenstine,https://twitter.com/RepJBridenstine,R,https://twitter.com/RepJBridenstine
267938462,RepZoeLofgren,https://twitter.com/RepZoeLofgren,D,https://twitter.com/RepZoeLofgren
19929362,RepJoeBarton,https://twitter.com/RepJoeBarton,R,https://twitter.com/RepJoeBarton
114607567,brettguthrie,https://twitter.com/brettguthrie,R,https://twitter.com/brettguthrie
377534571,MacTXPress,https://twitter.com/MacTXPress,R,https://twitter.com/MacTXPress
23970171,TomRooney,https://twitter.com/TomRooney,R,https://twitter.com/TomRooney
25086658,congbillposey,https://twitter.com/congbillposey,R,https://twitter.com/congbillposey
344972339,RepDevinNunes,https://twitter.com/RepDevinNunes,R,https://twitter.com/RepDevinNunes
19139963,DanaRohrabacher,https://twitter.com/DanaRohrabacher,R,https://twitter.com/DanaRohrabacher
15856366,LamarSmithTX21,https://twitter.com/LamarSmithTX21,R,https://twitter.com/LamarSmithTX21
2953494478,RepRyanZinke,https://twitter.com/RepRyanZinke,R,https://twitter.com/RepRyanZinke
26574496,gianforte,https://twitter.com/gianforte,R,https://twitter.com/gianforte
6577802,RepTomPrice,https://twitter.com/RepTomPrice,R,https://twitter.com/RepTomPrice